Time (s),Voltage (mV)
0.0,0.015714285714285837
0.002,-0.014285714285714164
4.17,-0.014285714285714164
4.172,-0.004285714285714164
